Start Station,DoWS,mean,Conf_L,Conf_H,landmark,dockcount,Recommendation,Adjust Low End,Adjust High End
2nd at Folsom,0,-13.1923076923,-2.157692307692308,1.9589743589743591,San Francisco,19.0,REBALANCE! Remove bikes,12.0,16.0
2nd at Folsom,1,-12.8846153846,-1.5042735042735043,1.691066997518611,San Francisco,19.0,REBALANCE! Remove bikes,12.0,15.0
2nd at Folsom,2,-10.3846153846,-1.7635327635327638,2.1538461538461551,San Francisco,19.0,REBALANCE! Remove bikes,9.0,13.0
2nd at Folsom,3,-10.9615384615,-1.5984615384615388,1.7615384615384624,San Francisco,19.0,REBALANCE! Remove bikes,10.0,13.0
2nd at Folsom,4,-7.84615384615,-1.6538461538461542,1.3276353276353277,San Francisco,19.0,REBALANCE! Remove bikes,7.0,10.0
2nd at Folsom,5,-2.7037037037,-0.76998050682261221,1.0846560846560847,San Francisco,19.0,REBALANCE! Remove bikes,2.0,4.0
2nd at Folsom,6,-1.40740740741,-0.75925925925925908,0.95740740740740748,San Francisco,19.0,REBALANCE! Remove bikes,1.0,3.0
2nd at South Park,0,-2.96153846154,-1.649572649572649,2.2015384615384619,San Francisco,15.0,REBALANCE! Remove bikes,2.0,6.0
2nd at South Park,1,0.115384615385,-1.2766749379652607,1.7027972027972027,San Francisco,15.0,DO NOT REBALANCE!,2.0,2.0
2nd at South Park,2,-1.5,-1.7758620689655173,1.5454545454545454,San Francisco,15.0,DO NOT REBALANCE!,1.0,4.0
2nd at South Park,3,0.807692307692,-1.3531468531468531,1.4006410256410258,San Francisco,15.0,DO NOT REBALANCE!,3.0,1.0
2nd at South Park,4,0.923076923077,-1.6730769230769231,1.7969230769230771,San Francisco,15.0,DO NOT REBALANCE!,3.0,1.0
2nd at South Park,5,1.14814814815,-1.0648148148148149,1.1375661375661374,San Francisco,15.0,REBALANCE! Add bikes,3.0,1.0
2nd at South Park,6,-0.222222222222,-1.1690821256038646,1.5722222222222224,San Francisco,15.0,DO NOT REBALANCE!,1.0,2.0
2nd at Townsend,0,4.46153846154,-2.8063660477453585,2.5384615384615383,San Francisco,27.0,REBALANCE! Add bikes,8.0,2.0
2nd at Townsend,1,5.34615384615,-1.8878205128205123,1.6538461538461542,San Francisco,27.0,REBALANCE! Add bikes,8.0,4.0
2nd at Townsend,2,7.19230769231,-2.8219373219373223,2.5955710955710947,San Francisco,27.0,REBALANCE! Add bikes,11.0,5.0
2nd at Townsend,3,2.34615384615,-3.4615384615384617,3.3356643356643354,San Francisco,27.0,DO NOT REBALANCE!,6.0,1.0
2nd at Townsend,4,4.46153846154,-1.9832775919732444,1.9867374005305036,San Francisco,27.0,REBALANCE! Add bikes,7.0,3.0
2nd at Townsend,5,1.92592592593,-1.1986531986531985,1.2558922558922558,San Francisco,27.0,REBALANCE! Add bikes,4.0,1.0
2nd at Townsend,6,-0.185185185185,-1.6064814814814816,1.2164351851851851,San Francisco,27.0,DO NOT REBALANCE!,2.0,2.0
5th at Howard,0,3.15384615385,-0.85754985754985746,1.0861538461538465,San Francisco,15.0,REBALANCE! Add bikes,5.0,3.0
5th at Howard,1,2.84615384615,-1.5961538461538463,1.2538461538461534,San Francisco,15.0,REBALANCE! Add bikes,5.0,2.0
5th at Howard,2,3.15384615385,-1.632107023411371,1.4461538461538459,San Francisco,15.0,REBALANCE! Add bikes,5.0,2.0
5th at Howard,3,2.65384615385,-1.944168734491315,1.3061538461538462,San Francisco,15.0,REBALANCE! Add bikes,5.0,2.0
5th at Howard,4,2.88461538462,-1.0846153846153845,1.8296703296703298,San Francisco,15.0,REBALANCE! Add bikes,4.0,2.0
5th at Howard,5,0.592592592593,-0.99259259259259258,1.6487867177522348,San Francisco,15.0,DO NOT REBALANCE!,2.0,2.0
5th at Howard,6,1.18518518519,-1.6062378167641325,1.2996632996632997,San Francisco,15.0,DO NOT REBALANCE!,3.0,1.0
Adobe on Almaden,0,-0.125,-0.45833333333333337,0.43928571428571428,San Jose,19.0,DO NOT REBALANCE!,1.0,1.0
Adobe on Almaden,1,0.0869565217391,-0.51003344481605351,0.53209109730848869,San Jose,19.0,DO NOT REBALANCE!,1.0,1.0
Adobe on Almaden,2,-0.44,-0.56000000000000005,0.58634146341463411,San Jose,19.0,DO NOT REBALANCE!,1.0,2.0
Adobe on Almaden,3,0.304347826087,-0.38127090301003347,0.37986270022883295,San Jose,19.0,DO NOT REBALANCE!,1.0,1.0
Adobe on Almaden,4,-0.16,-0.43999999999999995,0.44571428571428573,San Jose,19.0,DO NOT REBALANCE!,1.0,1.0
Adobe on Almaden,5,0.2,-0.48571428571428571,0.61818181818181817,San Jose,19.0,DO NOT REBALANCE!,1.0,1.0
Adobe on Almaden,6,0.0,0.0,0.0,San Jose,19.0,,0.0,0.0
Arena Green / SAP Center,0,-0.136363636364,-0.090909090909090912,0.13636363636363635,San Jose,19.0,REBALANCE! Remove bikes,1.0,1.0
Arena Green / SAP Center,1,0.291666666667,-0.48397435897435903,0.60307017543859653,San Jose,19.0,DO NOT REBALANCE!,1.0,1.0
Arena Green / SAP Center,2,-0.384615384615,-0.40848806366047746,0.42628205128205132,San Jose,19.0,DO NOT REBALANCE!,1.0,1.0
Arena Green / SAP Center,3,0.0769230769231,-0.45192307692307693,0.53598014888337464,San Jose,19.0,DO NOT REBALANCE!,1.0,1.0
Arena Green / SAP Center,4,-0.5,-0.59090909090909083,0.66666666666666663,San Jose,19.0,DO NOT REBALANCE!,1.0,2.0
Arena Green / SAP Center,5,-0.625,-0.60227272727272729,0.4916666666666667,San Jose,19.0,REBALANCE! Remove bikes,1.0,2.0
Arena Green / SAP Center,6,-0.333333333333,-0.45614035087719301,0.38596491228070173,San Jose,19.0,DO NOT REBALANCE!,1.0,1.0
Beale at Market,0,-7.5,-1.4130434782608692,1.5,San Francisco,19.0,REBALANCE! Remove bikes,7.0,9.0
Beale at Market,1,-7.84615384615,-1.4720279720279725,1.8006993006993,San Francisco,19.0,REBALANCE! Remove bikes,7.0,10.0
Beale at Market,2,-5.61538461538,-1.4846153846153847,1.4261954261954255,San Francisco,19.0,REBALANCE! Remove bikes,5.0,8.0
Beale at Market,3,-9.23076923077,-1.5978021978021992,1.1719457013574655,San Francisco,19.0,REBALANCE! Remove bikes,8.0,11.0
Beale at Market,4,-4.88461538462,-1.0320512820512819,1.265567765567766,San Francisco,19.0,REBALANCE! Remove bikes,4.0,7.0
Beale at Market,5,-2.66666666667,-0.76190476190476186,1.037037037037037,San Francisco,19.0,REBALANCE! Remove bikes,2.0,4.0
Beale at Market,6,-1.40740740741,-0.83259259259259277,0.76455026455026454,San Francisco,19.0,REBALANCE! Remove bikes,1.0,3.0
Broadway St at Battery St,0,-2.15384615385,-0.96153846153846168,0.8538461538461537,San Francisco,15.0,REBALANCE! Remove bikes,2.0,4.0
Broadway St at Battery St,1,-3.57692307692,-0.93822843822843849,1.2725752508361206,San Francisco,15.0,REBALANCE! Remove bikes,3.0,5.0
Broadway St at Battery St,2,-2.69230769231,-0.95986622073578554,1.1628959276018103,San Francisco,15.0,REBALANCE! Remove bikes,2.0,4.0
Broadway St at Battery St,3,-3.61538461538,-0.83461538461538476,0.92788461538461542,San Francisco,15.0,REBALANCE! Remove bikes,3.0,5.0
Broadway St at Battery St,4,-4.15384615385,-1.255244755244755,1.4230769230769234,San Francisco,15.0,REBALANCE! Remove bikes,3.0,6.0
Broadway St at Battery St,5,-0.148148148148,-0.68042328042328049,0.67195767195767198,San Francisco,15.0,DO NOT REBALANCE!,1.0,1.0
Broadway St at Battery St,6,-0.423076923077,-0.35953177257525087,0.26923076923076922,San Francisco,15.0,REBALANCE! Remove bikes,1.0,1.0
Broadway at Main,0,0.0,0.0,0.0,Redwood City,15.0,,0.0,0.0
Broadway at Main,1,0.0,0.0,0.0,Redwood City,15.0,,0.0,0.0
Broadway at Main,2,0.0,0.0,0.0,Redwood City,15.0,,0.0,0.0
Broadway at Main,3,0.0,0.0,0.0,Redwood City,15.0,,0.0,0.0
Broadway at Main,4,0.0,0.0,0.0,Redwood City,15.0,,0.0,0.0
Broadway at Main,5,0.0,0.0,0.0,Redwood City,15.0,,0.0,0.0
Broadway at Main,6,0.0,0.0,0.0,Redwood City,15.0,,0.0,0.0
California Ave Caltrain Station,0,0.04,-0.37333333333333329,0.36909090909090914,Palo Alto,15.0,DO NOT REBALANCE!,1.0,1.0
California Ave Caltrain Station,1,-0.04,-0.3674074074074074,0.31272727272727269,Palo Alto,15.0,DO NOT REBALANCE!,1.0,1.0
California Ave Caltrain Station,2,-0.16,-0.37571428571428567,0.38222222222222224,Palo Alto,15.0,DO NOT REBALANCE!,1.0,1.0
California Ave Caltrain Station,3,0.625,-0.33333333333333331,0.43055555555555558,Palo Alto,15.0,REBALANCE! Add bikes,1.0,1.0
California Ave Caltrain Station,4,-0.0869565217391,-0.23304347826086957,0.27445652173913043,Palo Alto,15.0,DO NOT REBALANCE!,1.0,1.0
California Ave Caltrain Station,5,0.318181818182,-0.44318181818181818,0.39610389610389612,Palo Alto,15.0,DO NOT REBALANCE!,1.0,1.0
California Ave Caltrain Station,6,0.272727272727,-0.52272727272727271,0.49197860962566842,Palo Alto,15.0,DO NOT REBALANCE!,1.0,1.0
Castro Street and El Camino Real,0,-0.76,-0.60842105263157897,0.76000000000000001,Mountain View,11.0,REBALANCE! Remove bikes,1.0,2.0
Castro Street and El Camino Real,1,-0.615384615385,-0.49175824175824179,0.74441687344913154,Mountain View,11.0,REBALANCE! Remove bikes,1.0,2.0
Castro Street and El Camino Real,2,-0.115384615385,-0.38461538461538458,0.53643724696356276,Mountain View,11.0,DO NOT REBALANCE!,1.0,1.0
Castro Street and El Camino Real,3,-1.0,-0.3666666666666667,0.4285714285714286,Mountain View,11.0,REBALANCE! Remove bikes,1.0,2.0
Castro Street and El Camino Real,4,-0.28,-0.29575757575757577,0.33263157894736844,Mountain View,11.0,DO NOT REBALANCE!,1.0,1.0
Castro Street and El Camino Real,5,-0.235294117647,-0.40756302521008408,0.58823529411764708,Mountain View,11.0,DO NOT REBALANCE!,1.0,1.0
Castro Street and El Camino Real,6,-0.541666666667,-0.56359649122807032,0.58712121212121204,Mountain View,11.0,DO NOT REBALANCE!,1.0,2.0
Civic Center BART (7th at Market),0,2.5,-1.3275862068965518,1.2222222222222223,San Francisco,23.0,REBALANCE! Add bikes,4.0,2.0
Civic Center BART (7th at Market),1,-0.615384615385,-2.1573426573426575,1.9487179487179487,San Francisco,23.0,DO NOT REBALANCE!,2.0,3.0
Civic Center BART (7th at Market),2,1.73076923077,-1.3436724565756824,1.1923076923076921,San Francisco,23.0,REBALANCE! Add bikes,4.0,1.0
Civic Center BART (7th at Market),3,0.884615384615,-1.8846153846153846,1.5364372469635628,San Francisco,23.0,DO NOT REBALANCE!,3.0,1.0
Civic Center BART (7th at Market),4,0.346153846154,-1.5,1.5038461538461538,San Francisco,23.0,DO NOT REBALANCE!,2.0,2.0
Civic Center BART (7th at Market),5,-0.592592592593,-0.94907407407407418,1.144316730523627,San Francisco,23.0,DO NOT REBALANCE!,1.0,2.0
Civic Center BART (7th at Market),6,2.22222222222,-1.1150793650793651,0.87301587301587302,San Francisco,23.0,REBALANCE! Add bikes,4.0,2.0
Clay at Battery,0,1.23076923077,-1.2678062678062678,1.5278514588859418,San Francisco,15.0,DO NOT REBALANCE!,3.0,1.0
Clay at Battery,1,1.30769230769,-1.9547511312217196,1.8423076923076922,San Francisco,15.0,DO NOT REBALANCE!,4.0,1.0
Clay at Battery,2,-0.653846153846,-0.86467236467236475,0.81174089068825905,San Francisco,15.0,DO NOT REBALANCE!,1.0,2.0
Clay at Battery,3,0.192307692308,-1.0955334987593053,0.91880341880341887,San Francisco,15.0,DO NOT REBALANCE!,2.0,1.0
Clay at Battery,4,0.307692307692,-1.0769230769230771,1.1923076923076923,San Francisco,15.0,DO NOT REBALANCE!,2.0,1.0
Clay at Battery,5,0.407407407407,-1.4386574074074074,1.2592592592592593,San Francisco,15.0,DO NOT REBALANCE!,2.0,1.0
Clay at Battery,6,-0.148148148148,-0.94560185185185186,1.1005291005291005,San Francisco,15.0,DO NOT REBALANCE!,1.0,2.0
Commercial at Montgomery,0,0.153846153846,-1.1193633952254642,1.0683760683760686,San Francisco,15.0,DO NOT REBALANCE!,2.0,1.0
Commercial at Montgomery,1,0.153846153846,-1.4986737400530505,1.6153846153846154,San Francisco,15.0,DO NOT REBALANCE!,2.0,2.0
Commercial at Montgomery,2,0.846153846154,-1.6080586080586081,1.3324175824175821,San Francisco,15.0,DO NOT REBALANCE!,3.0,1.0
Commercial at Montgomery,3,0.576923076923,-1.1223776223776223,1.6644562334217505,San Francisco,15.0,DO NOT REBALANCE!,2.0,2.0
Commercial at Montgomery,4,-0.576923076923,-1.0769230769230769,1.2435897435897436,San Francisco,15.0,DO NOT REBALANCE!,1.0,2.0
Commercial at Montgomery,5,-1.34615384615,-1.1538461538461537,0.7535612535612537,San Francisco,15.0,REBALANCE! Remove bikes,1.0,3.0
Commercial at Montgomery,6,-0.518518518519,-1.0723905723905722,1.0385185185185186,San Francisco,15.0,DO NOT REBALANCE!,1.0,2.0
Cowper at University,0,-1.03846153846,-0.36153846153846136,0.41346153846153855,Palo Alto,11.0,REBALANCE! Remove bikes,1.0,2.0
Cowper at University,1,-0.5,-0.71428571428571419,0.59090909090909094,Palo Alto,11.0,DO NOT REBALANCE!,1.0,2.0
Cowper at University,2,-0.0384615384615,-0.57023411371237465,0.50512820512820511,Palo Alto,11.0,DO NOT REBALANCE!,1.0,1.0
Cowper at University,3,-0.5,-0.4642857142857143,0.4642857142857143,Palo Alto,11.0,REBALANCE! Remove bikes,1.0,1.0
Cowper at University,4,-0.384615384615,-0.39316239316239315,0.43006993006993011,Palo Alto,11.0,DO NOT REBALANCE!,1.0,1.0
Cowper at University,5,-0.05,-0.36176470588235293,0.31315789473684208,Palo Alto,11.0,DO NOT REBALANCE!,1.0,1.0
Cowper at University,6,-0.333333333333,-0.36666666666666664,0.37878787878787878,Palo Alto,11.0,DO NOT REBALANCE!,1.0,1.0
Davis at Jackson,0,2.5,-0.91176470588235303,1.1666666666666665,San Francisco,15.0,REBALANCE! Add bikes,4.0,2.0
Davis at Jackson,1,2.34615384615,-1.137820512820513,0.85384615384615392,San Francisco,15.0,REBALANCE! Add bikes,4.0,2.0
Davis at Jackson,2,1.84615384615,-1.1042183622828785,1.1538461538461537,San Francisco,15.0,REBALANCE! Add bikes,3.0,1.0
Davis at Jackson,3,3.11538461538,-1.0201465201465201,0.92032967032967017,San Francisco,15.0,REBALANCE! Add bikes,5.0,3.0
Davis at Jackson,4,1.26923076923,-1.0769230769230769,1.5,San Francisco,15.0,DO NOT REBALANCE!,3.0,1.0
Davis at Jackson,5,-0.333333333333,-1.1212121212121213,1.0909090909090908,San Francisco,15.0,DO NOT REBALANCE!,1.0,2.0
Davis at Jackson,6,-0.555555555556,-1.0,0.8737373737373737,San Francisco,15.0,DO NOT REBALANCE!,1.0,2.0
Embarcadero at Bryant,0,-1.0,-1.4571428571428573,1.2333333333333334,San Francisco,15.0,DO NOT REBALANCE!,1.0,3.0
Embarcadero at Bryant,1,-2.34615384615,-1.2538461538461538,0.98615384615384616,San Francisco,15.0,REBALANCE! Remove bikes,2.0,4.0
Embarcadero at Bryant,2,-2.0,-1.5,1.3548387096774195,San Francisco,15.0,REBALANCE! Remove bikes,1.0,4.0
Embarcadero at Bryant,3,-4.03846153846,-1.3365384615384617,1.3813186813186813,San Francisco,15.0,REBALANCE! Remove bikes,3.0,6.0
Embarcadero at Bryant,4,-3.0,-1.9565217391304346,2.1176470588235294,San Francisco,15.0,REBALANCE! Remove bikes,2.0,6.0
Embarcadero at Bryant,5,-0.888888888889,-1.3923611111111112,1.2573099415204678,San Francisco,15.0,DO NOT REBALANCE!,1.0,3.0
Embarcadero at Bryant,6,-2.7037037037,-1.3489278752436644,1.6666666666666667,San Francisco,15.0,REBALANCE! Remove bikes,2.0,5.0
Embarcadero at Folsom,0,0.307692307692,-1.534965034965035,1.2478632478632479,San Francisco,19.0,DO NOT REBALANCE!,2.0,1.0
Embarcadero at Folsom,1,-0.769230769231,-1.0568561872909696,1.4662004662004664,San Francisco,19.0,DO NOT REBALANCE!,1.0,3.0
Embarcadero at Folsom,2,-1.69230769231,-1.6826923076923077,1.9780219780219781,San Francisco,19.0,REBALANCE! Remove bikes,1.0,4.0
Embarcadero at Folsom,3,1.4,-1.3583333333333332,1.7481481481481485,San Francisco,19.0,DO NOT REBALANCE!,3.0,1.0
Embarcadero at Folsom,4,-0.538461538462,-1.4985754985754989,1.1384615384615384,San Francisco,19.0,DO NOT REBALANCE!,1.0,2.0
Embarcadero at Folsom,5,-0.37037037037,-1.0387205387205389,1.0800477897252092,San Francisco,19.0,DO NOT REBALANCE!,1.0,2.0
Embarcadero at Folsom,6,-1.59259259259,-0.65740740740740744,0.87830687830687826,San Francisco,19.0,REBALANCE! Remove bikes,1.0,3.0
Embarcadero at Sansome,0,4.42307692308,-1.5000000000000004,1.3269230769230766,San Francisco,15.0,REBALANCE! Add bikes,6.0,4.0
Embarcadero at Sansome,1,3.76923076923,-1.7358974358974359,2.415954415954416,San Francisco,15.0,REBALANCE! Add bikes,6.0,2.0
Embarcadero at Sansome,2,5.57692307692,-1.1558704453441289,1.1105769230769234,San Francisco,15.0,REBALANCE! Add bikes,7.0,5.0
Embarcadero at Sansome,3,6.26923076923,-1.504524886877828,2.179045092838197,San Francisco,15.0,REBALANCE! Add bikes,8.0,5.0
Embarcadero at Sansome,4,8.88461538462,-2.5142450142450148,1.865384615384615,San Francisco,15.0,REBALANCE! Add bikes,12.0,8.0
Embarcadero at Sansome,5,7.11111111111,-2.8758169934640518,2.1111111111111107,San Francisco,15.0,REBALANCE! Add bikes,10.0,5.0
Embarcadero at Sansome,6,6.92592592593,-1.9592592592592588,2.1610305958132052,San Francisco,15.0,REBALANCE! Add bikes,9.0,5.0
Embarcadero at Vallejo,0,3.07692307692,-1.1736972704714641,1.4230769230769229,San Francisco,15.0,REBALANCE! Add bikes,5.0,2.0
Embarcadero at Vallejo,1,1.34615384615,-0.97115384615384626,1.0732009925558312,San Francisco,15.0,REBALANCE! Add bikes,3.0,1.0
Embarcadero at Vallejo,2,2.92307692308,-1.0535117056856185,1.3894230769230771,San Francisco,15.0,REBALANCE! Add bikes,4.0,2.0
Embarcadero at Vallejo,3,2.84615384615,-1.4590570719602978,1.1168091168091165,San Francisco,15.0,REBALANCE! Add bikes,5.0,2.0
Embarcadero at Vallejo,4,3.80769230769,-1.2521367521367521,1.4145299145299148,San Francisco,15.0,REBALANCE! Add bikes,6.0,3.0
Embarcadero at Vallejo,5,0.481481481481,-2.1481481481481484,2.1272141706924317,San Francisco,15.0,DO NOT REBALANCE!,3.0,2.0
Embarcadero at Vallejo,6,1.74074074074,-1.3478835978835979,1.4192592592592594,San Francisco,15.0,REBALANCE! Add bikes,4.0,1.0
Evelyn Park and Ride,0,0.884615384615,-0.53846153846153844,0.44871794871794868,Mountain View,15.0,REBALANCE! Add bikes,2.0,1.0
Evelyn Park and Ride,1,0.166666666667,-0.41666666666666663,0.41666666666666674,Mountain View,15.0,DO NOT REBALANCE!,1.0,1.0
Evelyn Park and Ride,2,0.653846153846,-0.39297658862876256,0.48901098901098894,Mountain View,15.0,REBALANCE! Add bikes,2.0,1.0
Evelyn Park and Ride,3,0.269230769231,-0.49145299145299143,0.50219780219780219,Mountain View,15.0,DO NOT REBALANCE!,1.0,1.0
Evelyn Park and Ride,4,0.153846153846,-0.37123745819397991,0.41758241758241754,Mountain View,15.0,DO NOT REBALANCE!,1.0,1.0
Evelyn Park and Ride,5,-0.266666666667,-0.31666666666666671,0.44313725490196076,Mountain View,15.0,DO NOT REBALANCE!,1.0,1.0
Evelyn Park and Ride,6,-0.0625,-0.1875,0.16776315789473684,Mountain View,15.0,DO NOT REBALANCE!,1.0,1.0
Franklin at Maple,0,0.0,0.0,0.0,Redwood City,15.0,,0.0,0.0
Franklin at Maple,1,0.428571428571,-0.42857142857142855,0.5714285714285714,Redwood City,15.0,DO NOT REBALANCE!,1.0,1.0
Franklin at Maple,2,0.0,0.0,0.0,Redwood City,15.0,,0.0,0.0
Franklin at Maple,3,0.1,-0.10000000000000001,0.23333333333333331,Redwood City,15.0,DO NOT REBALANCE!,1.0,1.0
Franklin at Maple,4,-0.0909090909091,-0.1818181818181818,0.090909090909090912,Redwood City,15.0,DO NOT REBALANCE!,1.0,1.0
Franklin at Maple,5,-0.0833333333333,-0.11666666666666668,0.083333333333333329,Redwood City,15.0,DO NOT REBALANCE!,1.0,1.0
Franklin at Maple,6,0.0,0.0,0.0,Redwood City,15.0,,0.0,0.0
Golden Gate at Polk,0,-2.11538461538,-0.98138957816377159,0.90109890109890123,San Francisco,23.0,REBALANCE! Remove bikes,2.0,4.0
Golden Gate at Polk,1,-3.15384615385,-1.526153846153846,1.347394540942928,San Francisco,23.0,REBALANCE! Remove bikes,2.0,5.0
Golden Gate at Polk,2,-3.11538461538,-0.9179487179487178,1.1153846153846154,San Francisco,23.0,REBALANCE! Remove bikes,3.0,5.0
Golden Gate at Polk,3,-2.5,-0.77272727272727293,1.1666666666666667,San Francisco,23.0,REBALANCE! Remove bikes,2.0,4.0
Golden Gate at Polk,4,-1.5,-1.1956521739130435,1.3518518518518519,San Francisco,23.0,REBALANCE! Remove bikes,1.0,3.0
Golden Gate at Polk,5,-0.185185185185,-0.72785829307568428,1.2251851851851852,San Francisco,23.0,DO NOT REBALANCE!,1.0,2.0
Golden Gate at Polk,6,-0.407407407407,-0.65141612200435728,0.92464878671775219,San Francisco,23.0,DO NOT REBALANCE!,1.0,2.0
Grant Avenue at Columbus Avenue,0,-12.2307692308,-1.5060728744939276,1.2783882783882774,San Francisco,15.0,REBALANCE! Remove bikes,11.0,14.0
Grant Avenue at Columbus Avenue,1,-12.5,-1.5833333333333339,1.6923076923076916,San Francisco,15.0,REBALANCE! Remove bikes,11.0,15.0
Grant Avenue at Columbus Avenue,2,-14.1538461538,-2.1318681318681314,2.5538461538461537,San Francisco,15.0,REBALANCE! Remove bikes,13.0,17.0
Grant Avenue at Columbus Avenue,3,-13.2692307692,-1.9660633484162879,1.7692307692307701,San Francisco,15.0,REBALANCE! Remove bikes,12.0,16.0
Grant Avenue at Columbus Avenue,4,-10.1923076923,-1.0804195804195817,1.0158371040723981,San Francisco,15.0,REBALANCE! Remove bikes,10.0,12.0
Grant Avenue at Columbus Avenue,5,-1.69230769231,-1.2124542124542124,1.3423076923076924,San Francisco,15.0,REBALANCE! Remove bikes,1.0,4.0
Grant Avenue at Columbus Avenue,6,-2.18518518519,-1.5244922341696534,1.1226851851851851,San Francisco,15.0,REBALANCE! Remove bikes,1.0,4.0
Harry Bridges Plaza (Ferry Building),0,1.84615384615,-1.9615384615384617,2.9433198380566803,San Francisco,23.0,DO NOT REBALANCE!,4.0,2.0
Harry Bridges Plaza (Ferry Building),1,1.61538461538,-1.4953846153846153,1.313186813186813,San Francisco,23.0,REBALANCE! Add bikes,4.0,1.0
Harry Bridges Plaza (Ferry Building),2,2.26923076923,-1.5504807692307692,1.7641025641025641,San Francisco,23.0,REBALANCE! Add bikes,4.0,1.0
Harry Bridges Plaza (Ferry Building),3,3.96153846154,-2.755656108597285,3.2692307692307692,San Francisco,23.0,REBALANCE! Add bikes,7.0,1.0
Harry Bridges Plaza (Ferry Building),4,-0.269230769231,-4.3974358974358978,2.5850202429149798,San Francisco,23.0,DO NOT REBALANCE!,5.0,3.0
Harry Bridges Plaza (Ferry Building),5,1.14814814815,-2.074074074074074,2.4035759897828868,San Francisco,23.0,DO NOT REBALANCE!,4.0,2.0
Harry Bridges Plaza (Ferry Building),6,-1.18518518519,-1.5348148148148151,1.8994708994708995,San Francisco,23.0,DO NOT REBALANCE!,1.0,4.0
Howard at 2nd,0,2.84615384615,-1.5384615384615385,1.6538461538461537,San Francisco,19.0,REBALANCE! Add bikes,5.0,2.0
Howard at 2nd,1,1.57692307692,-1.8041958041958042,1.7668269230769231,San Francisco,19.0,DO NOT REBALANCE!,4.0,1.0
Howard at 2nd,2,1.11538461538,-0.99538461538461542,1.6465201465201464,San Francisco,19.0,DO NOT REBALANCE!,3.0,1.0
Howard at 2nd,3,2.88461538462,-0.97157190635451496,1.0413105413105415,San Francisco,19.0,REBALANCE! Add bikes,4.0,2.0
Howard at 2nd,4,2.42307692308,-1.5183150183150182,1.5369230769230771,San Francisco,19.0,REBALANCE! Add bikes,4.0,1.0
Howard at 2nd,5,0.259259259259,-0.96893667861409805,1.0185185185185184,San Francisco,19.0,DO NOT REBALANCE!,2.0,1.0
Howard at 2nd,6,-0.259259259259,-0.64983164983164987,0.77925925925925932,San Francisco,19.0,DO NOT REBALANCE!,1.0,2.0
Japantown,0,0.653846153846,-0.61936339522546424,0.70329670329670335,San Jose,15.0,DO NOT REBALANCE!,2.0,1.0
Japantown,1,0.84,-0.58999999999999997,0.66000000000000003,San Jose,15.0,REBALANCE! Add bikes,2.0,1.0
Japantown,2,0.346153846154,-0.61888111888111885,0.76495726495726502,San Jose,15.0,DO NOT REBALANCE!,1.0,1.0
Japantown,3,1.34615384615,-0.49615384615384628,0.55384615384615365,San Jose,15.0,REBALANCE! Add bikes,2.0,1.0
Japantown,4,0.5,-0.59090909090909094,0.5,San Jose,15.0,,2.0,0.0
Japantown,5,-0.12,-0.38,0.38923076923076921,San Jose,15.0,DO NOT REBALANCE!,1.0,1.0
Japantown,6,-0.08,-0.5956756756756757,0.69111111111111112,San Jose,15.0,DO NOT REBALANCE!,1.0,1.0
MLK Library,0,3.04,-0.80666666666666664,0.77249999999999996,San Jose,19.0,REBALANCE! Add bikes,4.0,3.0
MLK Library,1,1.92307692308,-0.57932692307692313,0.59544159544159547,San Jose,19.0,REBALANCE! Add bikes,3.0,2.0
MLK Library,2,3.03846153846,-0.66346153846153832,0.84389140271493224,San Jose,19.0,REBALANCE! Add bikes,4.0,3.0
MLK Library,3,2.38461538462,-0.7027972027972027,0.61538461538461542,San Jose,19.0,REBALANCE! Add bikes,4.0,2.0
MLK Library,4,2.28,-0.66888888888888864,0.79407407407407415,San Jose,19.0,REBALANCE! Add bikes,3.0,2.0
MLK Library,5,0.333333333333,-0.48717948717948717,0.62318840579710155,San Jose,19.0,DO NOT REBALANCE!,1.0,1.0
MLK Library,6,0.0,-0.70588235294117652,0.91304347826086951,San Jose,19.0,DO NOT REBALANCE!,1.0,1.0
Market at 10th,0,-4.55555555556,-1.4444444444444446,1.5972222222222219,San Francisco,27.0,REBALANCE! Remove bikes,4.0,7.0
Market at 10th,1,-1.88461538462,-2.0101214574898787,1.917948717948718,San Francisco,27.0,DO NOT REBALANCE!,1.0,4.0
Market at 10th,2,-6.0,-1.2380952380952381,1.6500000000000004,San Francisco,27.0,REBALANCE! Remove bikes,5.0,8.0
Market at 10th,3,-4.76923076923,-1.6518218623481786,1.9358974358974357,San Francisco,27.0,REBALANCE! Remove bikes,4.0,7.0
Market at 10th,4,-4.65384615385,-1.5226244343891402,1.5797720797720802,San Francisco,27.0,REBALANCE! Remove bikes,4.0,7.0
Market at 10th,5,-1.11111111111,-1.1196581196581197,0.98611111111111116,San Francisco,27.0,DO NOT REBALANCE!,1.0,3.0
Market at 10th,6,-0.740740740741,-0.7592592592592593,1.065065065065065,San Francisco,27.0,DO NOT REBALANCE!,1.0,2.0
Market at 4th,0,-2.57692307692,-1.9013377926421406,1.7890442890442892,San Francisco,19.0,REBALANCE! Remove bikes,1.0,5.0
Market at 4th,1,0.538461538462,-1.5014245014245013,2.0448717948717952,San Francisco,19.0,DO NOT REBALANCE!,3.0,2.0
Market at 4th,2,0.5,-1.1800000000000002,1.0600000000000001,San Francisco,19.0,DO NOT REBALANCE!,2.0,1.0
Market at 4th,3,0.576923076923,-2.0954415954415957,2.0641025641025639,San Francisco,19.0,DO NOT REBALANCE!,3.0,2.0
Market at 4th,4,-1.84615384615,-2.5016722408026753,1.7579185520361993,San Francisco,19.0,DO NOT REBALANCE!,1.0,4.0
Market at 4th,5,1.2962962963,-1.8962962962962964,1.9037037037037039,San Francisco,19.0,DO NOT REBALANCE!,4.0,1.0
Market at 4th,6,4.25925925926,-1.9378306878306879,2.7050264550264549,San Francisco,19.0,REBALANCE! Add bikes,7.0,2.0
Market at Sansome,0,9.57692307692,-2.2912087912087911,2.3814102564102573,San Francisco,27.0,REBALANCE! Add bikes,12.0,8.0
Market at Sansome,1,8.65384615385,-2.1738461538461529,2.3806366047745371,San Francisco,27.0,REBALANCE! Add bikes,11.0,7.0
Market at Sansome,2,8.07692307692,-2.1969230769230768,2.6230769230769226,San Francisco,27.0,REBALANCE! Add bikes,11.0,6.0
Market at Sansome,3,8.57692307692,-2.3160535117056851,2.7564102564102573,San Francisco,27.0,REBALANCE! Add bikes,11.0,6.0
Market at Sansome,4,8.73076923077,-2.2545787545787537,2.6501831501831514,San Francisco,27.0,REBALANCE! Add bikes,11.0,7.0
Market at Sansome,5,-2.51851851852,-1.0814814814814815,1.5974658869395713,San Francisco,27.0,REBALANCE! Remove bikes,2.0,5.0
Market at Sansome,6,-0.222222222222,-1.6920634920634923,1.7676767676767677,San Francisco,27.0,DO NOT REBALANCE!,2.0,2.0
Mechanics Plaza (Market at Battery),0,-2.03703703704,-1.5343915343915344,2.2979066022544283,San Francisco,19.0,REBALANCE! Remove bikes,1.0,5.0
Mechanics Plaza (Market at Battery),1,-0.730769230769,-1.4358974358974357,2.1950549450549448,San Francisco,19.0,DO NOT REBALANCE!,1.0,3.0
Mechanics Plaza (Market at Battery),2,-0.115384615385,-1.4679487179487178,1.5364372469635628,San Francisco,19.0,DO NOT REBALANCE!,2.0,2.0
Mechanics Plaza (Market at Battery),3,-3.11538461538,-0.96794871794871762,1.4963369963369964,San Francisco,19.0,REBALANCE! Remove bikes,3.0,5.0
Mechanics Plaza (Market at Battery),4,0.538461538462,-1.3384615384615386,1.3580901856763927,San Francisco,19.0,DO NOT REBALANCE!,2.0,1.0
Mechanics Plaza (Market at Battery),5,-0.111111111111,-0.93434343434343425,1.1111111111111112,San Francisco,19.0,DO NOT REBALANCE!,1.0,2.0
Mechanics Plaza (Market at Battery),6,-0.888888888889,-0.69444444444444442,0.92460317460317454,San Francisco,19.0,REBALANCE! Remove bikes,1.0,2.0
Mezes Park,0,0.235294117647,-0.1638655462184874,0.15359477124183007,Redwood City,15.0,REBALANCE! Add bikes,1.0,1.0
Mezes Park,1,0.260869565217,-0.19635343618513323,0.18357487922705312,Redwood City,15.0,REBALANCE! Add bikes,1.0,1.0
Mezes Park,2,-0.0526315789474,-0.13784461152882205,0.13263157894736843,Redwood City,15.0,DO NOT REBALANCE!,1.0,1.0
Mezes Park,3,0.0,-0.14999999999999999,0.15789473684210525,Redwood City,15.0,DO NOT REBALANCE!,1.0,1.0
Mezes Park,4,0.0526315789474,-0.21929824561403508,0.22514619883040937,Redwood City,15.0,DO NOT REBALANCE!,1.0,1.0
Mezes Park,5,-0.0909090909091,-0.1818181818181818,0.090909090909090912,Redwood City,15.0,DO NOT REBALANCE!,1.0,1.0
Mezes Park,6,0.0,0.0,0.0,Redwood City,15.0,,0.0,0.0
Mountain View Caltrain Station,0,0.230769230769,-1.415954415954416,0.81468531468531458,Mountain View,23.0,DO NOT REBALANCE!,2.0,1.0
Mountain View Caltrain Station,1,-0.0384615384615,-0.92582417582417587,1.1074270557029178,Mountain View,23.0,DO NOT REBALANCE!,1.0,2.0
Mountain View Caltrain Station,2,-0.461538461538,-1.244343891402715,1.0769230769230771,Mountain View,23.0,DO NOT REBALANCE!,1.0,2.0
Mountain View Caltrain Station,3,0.0,-1.4666666666666666,1.2352941176470589,Mountain View,23.0,DO NOT REBALANCE!,2.0,2.0
Mountain View Caltrain Station,4,0.230769230769,-0.94505494505494503,0.9358974358974359,Mountain View,23.0,DO NOT REBALANCE!,2.0,1.0
Mountain View Caltrain Station,5,0.833333333333,-0.5,0.58771929824561397,Mountain View,23.0,REBALANCE! Add bikes,2.0,1.0
Mountain View Caltrain Station,6,1.37037037037,-0.60113960113960119,0.62962962962962954,Mountain View,23.0,REBALANCE! Add bikes,2.0,1.0
Mountain View City Hall,0,-0.0384615384615,-0.59010989010989012,0.5146520146520146,Mountain View,15.0,DO NOT REBALANCE!,1.0,1.0
Mountain View City Hall,1,0.653846153846,-0.43509615384615385,0.66194331983805677,Mountain View,15.0,DO NOT REBALANCE!,2.0,1.0
Mountain View City Hall,2,0.423076923077,-0.68394648829431437,0.57692307692307687,Mountain View,15.0,DO NOT REBALANCE!,2.0,1.0
Mountain View City Hall,3,1.15384615385,-0.56561085972850667,0.59615384615384626,Mountain View,15.0,REBALANCE! Add bikes,2.0,1.0
Mountain View City Hall,4,0.538461538462,-0.57179487179487176,0.55244755244755239,Mountain View,15.0,DO NOT REBALANCE!,2.0,1.0
Mountain View City Hall,5,-0.142857142857,-0.40259740259740256,0.59740259740259738,Mountain View,15.0,DO NOT REBALANCE!,1.0,1.0
Mountain View City Hall,6,-0.4,-0.40000000000000002,0.40000000000000002,Mountain View,15.0,,0.0,1.0
Palo Alto Caltrain Station,0,0.0,-0.42857142857142855,0.5,Palo Alto,23.0,DO NOT REBALANCE!,1.0,1.0
Palo Alto Caltrain Station,1,0.384615384615,-0.64777327935222673,0.61538461538461542,Palo Alto,23.0,DO NOT REBALANCE!,2.0,1.0
Palo Alto Caltrain Station,2,-1.07692307692,-0.53021978021978033,0.48601398601398593,Palo Alto,23.0,REBALANCE! Remove bikes,1.0,2.0
Palo Alto Caltrain Station,3,-0.230769230769,-0.59065934065934056,0.59440559440559437,Palo Alto,23.0,DO NOT REBALANCE!,1.0,1.0
Palo Alto Caltrain Station,4,0.423076923077,-0.46853146853146854,0.4958419958419959,Palo Alto,23.0,DO NOT REBALANCE!,1.0,1.0
Palo Alto Caltrain Station,5,-0.0869565217391,-0.46859903381642515,0.43989769820971869,Palo Alto,23.0,DO NOT REBALANCE!,1.0,1.0
Palo Alto Caltrain Station,6,0.416666666667,-0.41666666666666669,0.49637681159420283,Palo Alto,23.0,DO NOT REBALANCE!,1.0,1.0
Park at Olive,0,-0.272727272727,-0.27727272727272734,0.16746411483253587,Palo Alto,15.0,DO NOT REBALANCE!,1.0,1.0
Park at Olive,1,-0.411764705882,-0.32156862745098036,0.29411764705882348,Palo Alto,15.0,REBALANCE! Remove bikes,1.0,1.0
Park at Olive,2,0.181818181818,-0.23181818181818181,0.25296442687747034,Palo Alto,15.0,DO NOT REBALANCE!,1.0,1.0
Park at Olive,3,0.047619047619,-0.22408963585434175,0.34126984126984128,Palo Alto,15.0,DO NOT REBALANCE!,1.0,1.0
Park at Olive,4,-0.05,-0.45000000000000001,0.43095238095238092,Palo Alto,15.0,DO NOT REBALANCE!,1.0,1.0
Park at Olive,5,0.0,-0.33333333333333331,0.46153846153846156,Palo Alto,15.0,DO NOT REBALANCE!,1.0,1.0
Park at Olive,6,-0.0625,-0.27083333333333331,0.19583333333333333,Palo Alto,15.0,DO NOT REBALANCE!,1.0,1.0
Paseo de San Antonio,0,0.538461538462,-0.68660968660968658,0.6096866096866097,San Jose,15.0,DO NOT REBALANCE!,2.0,1.0
Paseo de San Antonio,1,0.346153846154,-0.66433566433566438,0.52884615384615385,San Jose,15.0,DO NOT REBALANCE!,2.0,1.0
Paseo de San Antonio,2,0.0384615384615,-0.57417582417582413,0.50699300699300698,San Jose,15.0,DO NOT REBALANCE!,1.0,1.0
Paseo de San Antonio,3,-0.0384615384615,-0.50699300699300698,0.55698005698005693,San Jose,15.0,DO NOT REBALANCE!,1.0,1.0
Paseo de San Antonio,4,1.23076923077,-0.58371040723981904,0.48351648351648335,San Jose,15.0,REBALANCE! Add bikes,2.0,1.0
Paseo de San Antonio,5,0.0,-0.4375,0.53846153846153844,San Jose,15.0,DO NOT REBALANCE!,1.0,1.0
Paseo de San Antonio,6,0.481481481481,-0.55555555555555558,0.5185185185185186,San Jose,15.0,DO NOT REBALANCE!,2.0,1.0
Post at Kearny,0,-0.576923076923,-1.7564102564102566,1.9102564102564101,,,DO NOT REBALANCE!,2.0,3.0
Post at Kearny,1,-0.115384615385,-1.2375565610859729,1.3653846153846154,,,DO NOT REBALANCE!,2.0,2.0
Post at Kearny,2,-1.15384615385,-1.3076923076923079,1.687179487179487,,,DO NOT REBALANCE!,1.0,3.0
Post at Kearny,3,0.961538461538,-1.8133903133903133,1.617408906882591,,,DO NOT REBALANCE!,3.0,1.0
Post at Kearny,4,-2.76923076923,-1.164102564102564,1.4358974358974359,,,REBALANCE! Remove bikes,2.0,5.0
Post at Kearny,5,0.5,-0.87037037037037035,1.1538461538461537,,,DO NOT REBALANCE!,2.0,1.0
Post at Kearny,6,-0.481481481481,-0.8310185185185186,0.70370370370370372,,,DO NOT REBALANCE!,1.0,2.0
Powell Street BART,0,2.19230769231,-0.97491638795986635,1.1018099547511309,San Francisco,19.0,REBALANCE! Add bikes,4.0,2.0
Powell Street BART,1,3.88461538462,-2.0698005698005697,1.707977207977208,San Francisco,19.0,REBALANCE! Add bikes,6.0,3.0
Powell Street BART,2,4.88461538462,-1.4179487179487182,1.8573200992555829,San Francisco,19.0,REBALANCE! Add bikes,7.0,4.0
Powell Street BART,3,2.38461538462,-1.5384615384615383,1.6153846153846154,San Francisco,19.0,REBALANCE! Add bikes,4.0,1.0
Powell Street BART,4,3.65384615385,-1.6538461538461537,2.0128205128205132,San Francisco,19.0,REBALANCE! Add bikes,6.0,2.0
Powell Street BART,5,3.33333333333,-1.6000000000000001,1.7666666666666662,San Francisco,19.0,REBALANCE! Add bikes,5.0,2.0
Powell Street BART,6,2.55555555556,-1.8282828282828281,1.4844444444444447,San Francisco,19.0,REBALANCE! Add bikes,5.0,2.0
Powell at Post (Union Square),0,-5.46153846154,-1.4313186813186816,1.7029177718832891,San Francisco,19.0,REBALANCE! Remove bikes,5.0,8.0
Powell at Post (Union Square),1,-6.80769230769,-1.6923076923076925,1.9381270903010028,San Francisco,19.0,REBALANCE! Remove bikes,6.0,9.0
Powell at Post (Union Square),2,-6.11538461538,-1.4679487179487181,1.4070512820512819,San Francisco,19.0,REBALANCE! Remove bikes,5.0,8.0
Powell at Post (Union Square),3,-6.65384615385,-1.3846153846153841,1.493846153846154,San Francisco,19.0,REBALANCE! Remove bikes,6.0,9.0
Powell at Post (Union Square),4,-5.42307692308,-1.2169230769230763,1.5830769230769235,San Francisco,19.0,REBALANCE! Remove bikes,5.0,8.0
Powell at Post (Union Square),5,-1.88888888889,-1.3535353535353534,1.1688888888888889,San Francisco,19.0,REBALANCE! Remove bikes,1.0,4.0
Powell at Post (Union Square),6,-0.259259259259,-1.2824074074074074,1.4992592592592593,San Francisco,19.0,DO NOT REBALANCE!,2.0,2.0
Redwood City Caltrain Station,0,-0.304347826087,-0.32723112128146448,0.27101449275362322,Redwood City,25.0,DO NOT REBALANCE!,1.0,1.0
Redwood City Caltrain Station,1,-0.28,-0.28000000000000003,0.35692307692307695,Redwood City,25.0,,0.0,1.0
Redwood City Caltrain Station,2,-0.04,-0.28142857142857147,0.3092307692307692,Redwood City,25.0,DO NOT REBALANCE!,1.0,1.0
Redwood City Caltrain Station,3,-0.32,-0.37999999999999995,0.32000000000000001,Redwood City,25.0,DO NOT REBALANCE!,1.0,1.0
Redwood City Caltrain Station,4,-0.08,-0.2533333333333333,0.38,Redwood City,25.0,DO NOT REBALANCE!,1.0,1.0
Redwood City Caltrain Station,5,0.1,-0.26666666666666666,0.28095238095238095,Redwood City,25.0,DO NOT REBALANCE!,1.0,1.0
Redwood City Caltrain Station,6,-0.235294117647,-0.24089635854341734,0.23529411764705882,Redwood City,25.0,DO NOT REBALANCE!,1.0,1.0
Redwood City Medical Center,0,-0.166666666667,-0.33333333333333337,0.16666666666666666,Redwood City,15.0,DO NOT REBALANCE!,1.0,1.0
Redwood City Medical Center,1,-0.125,-0.25,0.125,Redwood City,15.0,DO NOT REBALANCE!,1.0,1.0
Redwood City Medical Center,2,-0.0833333333333,-0.13095238095238093,0.083333333333333329,Redwood City,15.0,DO NOT REBALANCE!,1.0,1.0
Redwood City Medical Center,3,0.0,0.0,0.0,Redwood City,15.0,,0.0,0.0
Redwood City Medical Center,4,-0.125,-0.30357142857142855,0.30681818181818182,Redwood City,15.0,DO NOT REBALANCE!,1.0,1.0
Redwood City Medical Center,5,0.0,0.0,0.0,Redwood City,15.0,,0.0,0.0
Redwood City Medical Center,6,0.0,False,False,Redwood City,15.0,,0.0,0.0
Redwood City Public Library,0,0.0,0.0,0.0,Redwood City,15.0,,0.0,0.0
Redwood City Public Library,1,0.0,0.0,0.0,Redwood City,15.0,,0.0,0.0
Redwood City Public Library,2,0.0,0.0,0.0,Redwood City,15.0,,0.0,0.0
Redwood City Public Library,3,0.125,-0.125,0.20833333333333331,Redwood City,15.0,DO NOT REBALANCE!,1.0,1.0
Redwood City Public Library,4,-0.142857142857,-0.2857142857142857,0.14285714285714285,Redwood City,15.0,DO NOT REBALANCE!,1.0,1.0
Redwood City Public Library,5,-0.285714285714,-0.4642857142857143,0.2857142857142857,Redwood City,15.0,DO NOT REBALANCE!,1.0,1.0
Redwood City Public Library,6,0.0,0.0,0.0,Redwood City,15.0,,0.0,0.0
Rengstorff Avenue / California Street,0,0.217391304348,-0.52173913043478259,0.62260869565217392,Mountain View,15.0,DO NOT REBALANCE!,1.0,1.0
Rengstorff Avenue / California Street,1,-0.2,-0.33333333333333331,0.38518518518518519,Mountain View,15.0,DO NOT REBALANCE!,1.0,1.0
Rengstorff Avenue / California Street,2,-0.208333333333,-0.29166666666666663,0.25833333333333336,Mountain View,15.0,DO NOT REBALANCE!,1.0,1.0
Rengstorff Avenue / California Street,3,-0.346153846154,-0.51098901098901095,0.55305039787798405,Mountain View,15.0,DO NOT REBALANCE!,1.0,1.0
Rengstorff Avenue / California Street,4,-0.04,-0.33037037037037037,0.25739130434782609,Mountain View,15.0,DO NOT REBALANCE!,1.0,1.0
Rengstorff Avenue / California Street,5,-0.105263157895,-0.4331983805668016,0.34335839598997492,Mountain View,15.0,DO NOT REBALANCE!,1.0,1.0
Rengstorff Avenue / California Street,6,0.181818181818,-0.24848484848484848,0.34759358288770054,Mountain View,15.0,DO NOT REBALANCE!,1.0,1.0
Ryland Park,0,0.35,-0.71363636363636362,0.78333333333333333,San Jose,15.0,DO NOT REBALANCE!,2.0,1.0
Ryland Park,1,-0.45,-0.65714285714285725,0.58636363636363642,San Jose,15.0,DO NOT REBALANCE!,1.0,2.0
Ryland Park,2,-0.761904761905,-0.49896480331262949,0.63690476190476186,San Jose,15.0,REBALANCE! Remove bikes,1.0,2.0
Ryland Park,3,-0.571428571429,-0.51190476190476186,0.5714285714285714,San Jose,15.0,REBALANCE! Remove bikes,1.0,2.0
Ryland Park,4,-0.85,-0.76111111111111118,0.67352941176470582,San Jose,15.0,REBALANCE! Remove bikes,1.0,2.0
Ryland Park,5,-0.222222222222,-0.49206349206349209,0.40972222222222221,San Jose,15.0,DO NOT REBALANCE!,1.0,1.0
Ryland Park,6,0.117647058824,-0.76470588235294124,0.88235294117647056,San Jose,15.0,DO NOT REBALANCE!,1.0,1.0
SJSU - San Salvador at 9th,0,0.0,-0.40000000000000002,0.54545454545454541,San Jose,15.0,DO NOT REBALANCE!,1.0,1.0
SJSU - San Salvador at 9th,1,0.2,-0.34285714285714286,0.46666666666666662,San Jose,15.0,DO NOT REBALANCE!,1.0,1.0
SJSU - San Salvador at 9th,2,0.153846153846,-0.82051282051282048,0.84615384615384615,San Jose,15.0,DO NOT REBALANCE!,1.0,1.0
SJSU - San Salvador at 9th,3,-0.0833333333333,-0.41666666666666669,0.61904761904761907,San Jose,15.0,DO NOT REBALANCE!,1.0,1.0
SJSU - San Salvador at 9th,4,0.08,-0.49935483870967745,0.50620689655172413,San Jose,15.0,DO NOT REBALANCE!,1.0,1.0
SJSU - San Salvador at 9th,5,0.166666666667,-0.5,0.55747126436781613,San Jose,15.0,DO NOT REBALANCE!,1.0,1.0
SJSU - San Salvador at 9th,6,-0.0416666666667,-0.35833333333333334,0.38782051282051283,San Jose,15.0,DO NOT REBALANCE!,1.0,1.0
SJSU 4th at San Carlos,0,0.44,-0.3775,0.2742857142857143,San Jose,19.0,REBALANCE! Add bikes,1.0,1.0
SJSU 4th at San Carlos,1,0.12,-0.38315789473684209,0.35826086956521741,San Jose,19.0,DO NOT REBALANCE!,1.0,1.0
SJSU 4th at San Carlos,2,0.346153846154,-0.40865384615384615,0.59134615384615385,San Jose,19.0,DO NOT REBALANCE!,1.0,1.0
SJSU 4th at San Carlos,3,0.0,-0.40909090909090912,0.35714285714285715,San Jose,19.0,DO NOT REBALANCE!,1.0,1.0
SJSU 4th at San Carlos,4,0.0,-0.29166666666666669,0.34375,San Jose,19.0,DO NOT REBALANCE!,1.0,1.0
SJSU 4th at San Carlos,5,0.291666666667,-0.66008771929824561,0.98106060606060597,San Jose,19.0,DO NOT REBALANCE!,1.0,1.0
SJSU 4th at San Carlos,6,-0.2,-0.33333333333333331,0.35384615384615387,San Jose,19.0,DO NOT REBALANCE!,1.0,1.0
San Antonio Caltrain Station,0,0.615384615385,-0.54395604395604402,0.63461538461538458,Mountain View,23.0,DO NOT REBALANCE!,2.0,1.0
San Antonio Caltrain Station,1,0.692307692308,-0.56730769230769229,0.60769230769230775,Mountain View,23.0,REBALANCE! Add bikes,2.0,1.0
San Antonio Caltrain Station,2,0.730769230769,-0.48076923076923073,0.42074592074592088,Mountain View,23.0,REBALANCE! Add bikes,2.0,1.0
San Antonio Caltrain Station,3,0.730769230769,-0.68315018315018317,0.63286713286713281,Mountain View,23.0,REBALANCE! Add bikes,2.0,1.0
San Antonio Caltrain Station,4,0.423076923077,-0.51682692307692313,0.57692307692307687,Mountain View,23.0,DO NOT REBALANCE!,1.0,1.0
San Antonio Caltrain Station,5,-0.142857142857,-0.21008403361344541,0.38095238095238093,Mountain View,23.0,DO NOT REBALANCE!,1.0,1.0
San Antonio Caltrain Station,6,-0.0526315789474,-0.24736842105263157,0.38596491228070173,Mountain View,23.0,DO NOT REBALANCE!,1.0,1.0
San Antonio Shopping Center,0,-0.269230769231,-0.49076923076923079,0.3092307692307692,Mountain View,15.0,DO NOT REBALANCE!,1.0,1.0
San Antonio Shopping Center,1,0.0384615384615,-0.45512820512820518,0.41987179487179482,Mountain View,15.0,DO NOT REBALANCE!,1.0,1.0
San Antonio Shopping Center,2,-0.0384615384615,-0.31153846153846154,0.29933110367892979,Mountain View,15.0,DO NOT REBALANCE!,1.0,1.0
San Antonio Shopping Center,3,-0.153846153846,-0.4757834757834758,0.59829059829059827,Mountain View,15.0,DO NOT REBALANCE!,1.0,1.0
San Antonio Shopping Center,4,0.0769230769231,-0.43692307692307691,0.48829431438127086,Mountain View,15.0,DO NOT REBALANCE!,1.0,1.0
San Antonio Shopping Center,5,0.375,-0.32236842105263158,0.54807692307692313,Mountain View,15.0,DO NOT REBALANCE!,1.0,1.0
San Antonio Shopping Center,6,-0.0952380952381,-0.35476190476190478,0.32251082251082253,Mountain View,15.0,DO NOT REBALANCE!,1.0,1.0
San Francisco Caltrain (Townsend at 4th),0,31.0769230769,-6.3951048951048932,9.2030769230769245,San Francisco,19.0,REBALANCE! Add bikes,38.0,22.0
San Francisco Caltrain (Townsend at 4th),1,31.0384615385,-5.5741758241758248,6.7115384615384599,San Francisco,19.0,REBALANCE! Add bikes,37.0,25.0
San Francisco Caltrain (Townsend at 4th),2,27.0384615385,-2.8162393162393187,4.2342657342657333,San Francisco,19.0,REBALANCE! Add bikes,30.0,23.0
San Francisco Caltrain (Townsend at 4th),3,24.7307692308,-2.7307692307692299,4.0,San Francisco,19.0,REBALANCE! Add bikes,28.0,21.0
San Francisco Caltrain (Townsend at 4th),4,25.3846153846,-3.7655677655677628,4.1943319838056681,San Francisco,19.0,REBALANCE! Add bikes,30.0,22.0
San Francisco Caltrain (Townsend at 4th),5,2.74074074074,-1.300740740740741,1.4675925925925921,San Francisco,19.0,REBALANCE! Add bikes,5.0,2.0
San Francisco Caltrain (Townsend at 4th),6,3.22222222222,-1.9097222222222223,1.8048048048048049,San Francisco,19.0,REBALANCE! Add bikes,6.0,2.0
San Francisco Caltrain 2 (330 Townsend),0,2.80769230769,-3.2362637362637359,3.4923076923076923,San Francisco,23.0,DO NOT REBALANCE!,7.0,1.0
San Francisco Caltrain 2 (330 Townsend),1,6.15384615385,-2.3019943019943025,2.4861538461538464,San Francisco,23.0,REBALANCE! Add bikes,9.0,4.0
San Francisco Caltrain 2 (330 Townsend),2,7.03846153846,-2.228937728937729,2.1996336996336989,San Francisco,23.0,REBALANCE! Add bikes,10.0,5.0
San Francisco Caltrain 2 (330 Townsend),3,3.11538461538,-1.9048582995951417,1.6214574898785421,San Francisco,23.0,REBALANCE! Add bikes,6.0,2.0
San Francisco Caltrain 2 (330 Townsend),4,0.192307692308,-2.0423076923076926,2.5318302387267901,San Francisco,23.0,DO NOT REBALANCE!,3.0,3.0
San Francisco Caltrain 2 (330 Townsend),5,-0.592592592593,-1.0145502645502646,1.2744107744107742,San Francisco,23.0,DO NOT REBALANCE!,1.0,2.0
San Francisco Caltrain 2 (330 Townsend),6,-0.444444444444,-1.0071684587813621,1.0808080808080809,San Francisco,23.0,DO NOT REBALANCE!,1.0,2.0
San Francisco City Hall,0,-0.923076923077,-0.63247863247863245,0.62678062678062685,San Francisco,19.0,REBALANCE! Remove bikes,1.0,2.0
San Francisco City Hall,1,-1.23076923077,-0.99503722084367219,1.0641025641025641,San Francisco,19.0,REBALANCE! Remove bikes,1.0,3.0
San Francisco City Hall,2,-1.38461538462,-0.98380566801619418,0.93461538461538463,San Francisco,19.0,REBALANCE! Remove bikes,1.0,3.0
San Francisco City Hall,3,0.5,-0.69999999999999996,0.69999999999999996,San Francisco,19.0,DO NOT REBALANCE!,2.0,1.0
San Francisco City Hall,4,0.192307692308,-0.60897435897435903,0.93269230769230771,San Francisco,19.0,DO NOT REBALANCE!,1.0,1.0
San Francisco City Hall,5,-0.192307692308,-0.9076923076923078,0.71611721611721613,San Francisco,19.0,DO NOT REBALANCE!,1.0,1.0
San Francisco City Hall,6,-0.68,-0.7410526315789473,0.39875000000000005,San Francisco,19.0,DO NOT REBALANCE!,1.0,2.0
San Jose City Hall,0,-2.84,-0.57379310344827594,0.54000000000000004,San Jose,15.0,REBALANCE! Remove bikes,3.0,4.0
San Jose City Hall,1,-2.26923076923,-0.5542986425339369,0.51923076923076916,San Jose,15.0,REBALANCE! Remove bikes,2.0,3.0
San Jose City Hall,2,-2.57692307692,-0.58974358974358942,0.54244031830238759,San Jose,15.0,REBALANCE! Remove bikes,2.0,4.0
San Jose City Hall,3,-2.42307692308,-0.67692307692307718,0.8023872679045092,San Jose,15.0,REBALANCE! Remove bikes,2.0,4.0
San Jose City Hall,4,-1.30769230769,-0.69230769230769229,0.73076923076923084,San Jose,15.0,REBALANCE! Remove bikes,1.0,3.0
San Jose City Hall,5,-0.3,-0.41428571428571431,0.42499999999999999,San Jose,15.0,DO NOT REBALANCE!,1.0,1.0
San Jose City Hall,6,-0.105263157895,-0.2793522267206478,0.21637426900584794,San Jose,15.0,DO NOT REBALANCE!,1.0,1.0
San Jose Civic Center,0,-0.0833333333333,-0.1858974358974359,0.24122807017543857,San Jose,15.0,DO NOT REBALANCE!,1.0,1.0
San Jose Civic Center,1,0.333333333333,-0.33333333333333331,0.47747747747747754,San Jose,15.0,DO NOT REBALANCE!,1.0,1.0
San Jose Civic Center,2,0.346153846154,-0.46153846153846156,0.46866096866096862,San Jose,15.0,DO NOT REBALANCE!,1.0,1.0
San Jose Civic Center,3,0.307692307692,-0.52644230769230771,0.6488294314381271,San Jose,15.0,DO NOT REBALANCE!,1.0,1.0
San Jose Civic Center,4,-0.16,-0.41142857142857137,0.3952941176470588,San Jose,15.0,DO NOT REBALANCE!,1.0,1.0
San Jose Civic Center,5,0.416666666667,-0.6166666666666667,0.58333333333333326,San Jose,15.0,DO NOT REBALANCE!,2.0,1.0
San Jose Civic Center,6,0.0833333333333,-0.55208333333333337,0.57183908045977005,San Jose,15.0,DO NOT REBALANCE!,1.0,1.0
San Jose Diridon Caltrain Station,0,-0.269230769231,-0.6017369727047146,0.79096989966555187,San Jose,27.0,DO NOT REBALANCE!,1.0,2.0
San Jose Diridon Caltrain Station,1,0.423076923077,-0.83216783216783219,0.82692307692307687,San Jose,27.0,DO NOT REBALANCE!,2.0,1.0
San Jose Diridon Caltrain Station,2,0.230769230769,-1.5907692307692309,1.4775641025641024,San Jose,27.0,DO NOT REBALANCE!,2.0,2.0
San Jose Diridon Caltrain Station,3,-1.5,-1.0263157894736841,1.1521739130434783,San Jose,27.0,REBALANCE! Remove bikes,1.0,3.0
San Jose Diridon Caltrain Station,4,-0.230769230769,-0.91923076923076907,1.1907692307692308,San Jose,27.0,DO NOT REBALANCE!,1.0,2.0
San Jose Diridon Caltrain Station,5,0.5,-0.88888888888888884,0.8600000000000001,San Jose,27.0,DO NOT REBALANCE!,2.0,1.0
San Jose Diridon Caltrain Station,6,0.192307692308,-0.59230769230769231,0.58041958041958042,San Jose,27.0,DO NOT REBALANCE!,1.0,1.0
San Mateo County Center,0,0.1,-0.46363636363636362,0.62727272727272732,Redwood City,15.0,DO NOT REBALANCE!,1.0,1.0
San Mateo County Center,1,0.0,0.0,0.0,Redwood City,15.0,,0.0,0.0
San Mateo County Center,2,0.0,-0.15384615384615385,0.1111111111111111,Redwood City,15.0,DO NOT REBALANCE!,1.0,1.0
San Mateo County Center,3,0.0,0.0,0.0,Redwood City,15.0,,0.0,0.0
San Mateo County Center,4,0.0,0.0,0.0,Redwood City,15.0,,0.0,0.0
San Mateo County Center,5,-0.333333333333,-0.66666666666666674,0.33333333333333331,Redwood City,15.0,DO NOT REBALANCE!,1.0,1.0
San Mateo County Center,6,0.0,0.0,0.0,Redwood City,15.0,,0.0,0.0
San Pedro Square,0,0.0,-0.66666666666666663,0.52173913043478259,San Jose,15.0,DO NOT REBALANCE!,1.0,1.0
San Pedro Square,1,-0.16,-0.41894736842105262,0.45166666666666666,San Jose,15.0,DO NOT REBALANCE!,1.0,1.0
San Pedro Square,2,-0.153846153846,-0.49832775919732442,0.46153846153846156,San Jose,15.0,DO NOT REBALANCE!,1.0,1.0
San Pedro Square,3,0.269230769231,-0.5,0.40934065934065939,San Jose,15.0,DO NOT REBALANCE!,1.0,1.0
San Pedro Square,4,-0.28,-0.53818181818181821,0.88869565217391311,San Jose,15.0,DO NOT REBALANCE!,1.0,2.0
San Pedro Square,5,-0.111111111111,-0.46031746031746029,0.51111111111111107,San Jose,15.0,DO NOT REBALANCE!,1.0,1.0
San Pedro Square,6,0.730769230769,-0.35576923076923073,0.46923076923076923,San Jose,15.0,REBALANCE! Add bikes,2.0,1.0
San Salvador at 1st,0,-0.28,-0.37217391304347824,0.36333333333333334,San Jose,15.0,DO NOT REBALANCE!,1.0,1.0
San Salvador at 1st,1,-0.461538461538,-0.42735042735042728,0.46153846153846156,San Jose,15.0,REBALANCE! Remove bikes,1.0,1.0
San Salvador at 1st,2,-0.615384615385,-0.61794871794871797,0.49773755656108598,San Jose,15.0,DO NOT REBALANCE!,1.0,2.0
San Salvador at 1st,3,-0.0384615384615,-0.40598290598290598,0.38328912466843501,San Jose,15.0,DO NOT REBALANCE!,1.0,1.0
San Salvador at 1st,4,0.0,-0.40000000000000002,0.42857142857142855,San Jose,15.0,DO NOT REBALANCE!,1.0,1.0
San Salvador at 1st,5,0.0,-0.66666666666666663,0.8666666666666667,San Jose,15.0,DO NOT REBALANCE!,1.0,1.0
San Salvador at 1st,6,-0.0909090909091,-0.64822134387351771,0.62937062937062938,San Jose,15.0,DO NOT REBALANCE!,1.0,1.0
Santa Clara County Civic Center,0,0.428571428571,-0.24675324675324672,0.22360248447204972,,,REBALANCE! Add bikes,1.0,1.0
Santa Clara County Civic Center,1,0.15,-0.27000000000000002,0.23461538461538464,,,DO NOT REBALANCE!,1.0,1.0
Santa Clara County Civic Center,2,1.04761904762,-0.34761904761904772,0.45238095238095233,,,REBALANCE! Add bikes,2.0,1.0
Santa Clara County Civic Center,3,0.285714285714,-0.38571428571428568,0.39849624060150379,,,DO NOT REBALANCE!,1.0,1.0
Santa Clara County Civic Center,4,0.0869565217391,-0.28695652173913044,0.39130434782608697,,,DO NOT REBALANCE!,1.0,1.0
Santa Clara County Civic Center,5,0.222222222222,-0.62222222222222223,0.57777777777777783,,,DO NOT REBALANCE!,1.0,1.0
Santa Clara County Civic Center,6,0.111111111111,-0.1111111111111111,0.22222222222222221,,,DO NOT REBALANCE!,1.0,1.0
Santa Clara at Almaden,0,-0.615384615385,-0.38461538461538458,0.51012145748987858,San Jose,11.0,REBALANCE! Remove bikes,1.0,2.0
Santa Clara at Almaden,1,0.153846153846,-0.59829059829059827,0.62393162393162394,San Jose,11.0,DO NOT REBALANCE!,1.0,1.0
Santa Clara at Almaden,2,0.615384615385,-0.643956043956044,0.60200668896321075,San Jose,11.0,REBALANCE! Add bikes,2.0,1.0
Santa Clara at Almaden,3,0.423076923077,-0.92307692307692313,0.76210826210826199,San Jose,11.0,DO NOT REBALANCE!,2.0,1.0
Santa Clara at Almaden,4,0.0384615384615,-0.58391608391608385,0.62820512820512819,San Jose,11.0,DO NOT REBALANCE!,1.0,1.0
Santa Clara at Almaden,5,0.111111111111,-0.85304659498207891,0.84722222222222232,San Jose,11.0,DO NOT REBALANCE!,1.0,1.0
Santa Clara at Almaden,6,-0.407407407407,-0.45925925925925931,0.44074074074074071,San Jose,11.0,DO NOT REBALANCE!,1.0,1.0
South Van Ness at Market,0,-1.88461538462,-1.046419098143236,1.3582995951417005,San Francisco,19.0,REBALANCE! Remove bikes,1.0,4.0
South Van Ness at Market,1,-3.34615384615,-1.5159151193633948,1.4370629370629371,San Francisco,19.0,REBALANCE! Remove bikes,2.0,5.0
South Van Ness at Market,2,-4.69230769231,-1.1337792642140467,1.525641025641026,San Francisco,19.0,REBALANCE! Remove bikes,4.0,7.0
South Van Ness at Market,3,-2.15384615385,-1.1153846153846154,1.2064777327935223,San Francisco,19.0,REBALANCE! Remove bikes,2.0,4.0
South Van Ness at Market,4,-3.92307692308,-1.4831730769230771,1.5037220843672454,San Francisco,19.0,REBALANCE! Remove bikes,3.0,6.0
South Van Ness at Market,5,2.33333333333,-1.215686274509804,1.6344086021505375,San Francisco,19.0,REBALANCE! Add bikes,4.0,1.0
South Van Ness at Market,6,0.666666666667,-0.97435897435897434,1.3333333333333335,San Francisco,19.0,DO NOT REBALANCE!,2.0,1.0
Spear at Folsom,0,0.576923076923,-1.1185897435897436,1.4587912087912087,San Francisco,19.0,DO NOT REBALANCE!,2.0,1.0
Spear at Folsom,1,1.80769230769,-1.5173697270471465,1.4230769230769231,San Francisco,19.0,REBALANCE! Add bikes,4.0,1.0
Spear at Folsom,2,-0.153846153846,-1.2097902097902096,0.98717948717948723,San Francisco,19.0,DO NOT REBALANCE!,2.0,2.0
Spear at Folsom,3,0.730769230769,-1.6153846153846154,1.2692307692307692,San Francisco,19.0,DO NOT REBALANCE!,3.0,1.0
Spear at Folsom,4,0.423076923077,-1.4897435897435898,1.5446650124069479,San Francisco,19.0,DO NOT REBALANCE!,2.0,2.0
Spear at Folsom,5,-2.14814814815,-0.88756613756613723,1.1481481481481484,San Francisco,19.0,REBALANCE! Remove bikes,2.0,4.0
Spear at Folsom,6,-0.333333333333,-0.85897435897435903,1.1111111111111112,San Francisco,19.0,DO NOT REBALANCE!,1.0,2.0
St James Park,0,0.0,-0.41666666666666669,0.44,San Jose,15.0,DO NOT REBALANCE!,1.0,1.0
St James Park,1,-0.346153846154,-0.47993311036789299,0.59615384615384615,San Jose,15.0,DO NOT REBALANCE!,1.0,1.0
St James Park,2,-0.538461538462,-0.55244755244755239,0.53846153846153844,San Jose,15.0,DO NOT REBALANCE!,1.0,2.0
St James Park,3,-0.0769230769231,-0.33216783216783219,0.31221719457013575,San Jose,15.0,DO NOT REBALANCE!,1.0,1.0
St James Park,4,-0.08,-0.62588235294117656,0.46888888888888891,San Jose,15.0,DO NOT REBALANCE!,1.0,1.0
St James Park,5,-0.142857142857,-0.31168831168831168,0.45864661654135336,San Jose,15.0,DO NOT REBALANCE!,1.0,1.0
St James Park,6,-0.739130434783,-0.48814229249011865,0.48913043478260865,San Jose,15.0,REBALANCE! Remove bikes,1.0,2.0
Steuart at Market,0,0.846153846154,-1.4461538461538461,1.8575498575498575,San Francisco,23.0,DO NOT REBALANCE!,3.0,2.0
Steuart at Market,1,-0.423076923077,-1.841628959276018,1.4230769230769231,San Francisco,23.0,DO NOT REBALANCE!,2.0,2.0
Steuart at Market,2,-1.26923076923,-2.2307692307692308,2.7454212454212454,San Francisco,23.0,DO NOT REBALANCE!,1.0,5.0
Steuart at Market,3,0.576923076923,-2.1324786324786325,1.7564102564102566,San Francisco,23.0,DO NOT REBALANCE!,3.0,2.0
Steuart at Market,4,-1.46153846154,-2.2051282051282053,2.6282051282051282,San Francisco,23.0,DO NOT REBALANCE!,1.0,5.0
Steuart at Market,5,4.25925925926,-1.1228956228956233,1.6851851851851851,San Francisco,23.0,REBALANCE! Add bikes,6.0,3.0
Steuart at Market,6,0.888888888889,-1.1944444444444444,1.5202020202020203,San Francisco,23.0,DO NOT REBALANCE!,3.0,1.0
Temporary Transbay Terminal (Howard at Beale),0,-5.59259259259,-1.967407407407407,2.1164021164021163,San Francisco,23.0,REBALANCE! Remove bikes,4.0,8.0
Temporary Transbay Terminal (Howard at Beale),1,-4.19230769231,-1.534965034965035,1.8819628647214857,San Francisco,23.0,REBALANCE! Remove bikes,3.0,7.0
Temporary Transbay Terminal (Howard at Beale),2,-7.07692307692,-1.8054298642533944,2.3269230769230766,San Francisco,23.0,REBALANCE! Remove bikes,6.0,10.0
Temporary Transbay Terminal (Howard at Beale),3,-7.07692307692,-1.5897435897435894,1.3269230769230766,San Francisco,23.0,REBALANCE! Remove bikes,6.0,9.0
Temporary Transbay Terminal (Howard at Beale),4,-6.42307692308,-2.0769230769230766,2.5183150183150187,San Francisco,23.0,REBALANCE! Remove bikes,5.0,9.0
Temporary Transbay Terminal (Howard at Beale),5,0.115384615385,-0.4653846153846154,0.75961538461538458,San Francisco,23.0,DO NOT REBALANCE!,1.0,1.0
Temporary Transbay Terminal (Howard at Beale),6,0.333333333333,-0.71794871794871795,0.66666666666666674,San Francisco,23.0,DO NOT REBALANCE!,2.0,1.0
Townsend at 7th,0,3.26923076923,-2.0434243176178661,2.5307692307692307,San Francisco,15.0,REBALANCE! Add bikes,6.0,1.0
Townsend at 7th,1,3.07692307692,-1.8663967611336034,1.6730769230769229,San Francisco,15.0,REBALANCE! Add bikes,5.0,2.0
Townsend at 7th,2,6.5,-1.9400000000000004,1.6739130434782616,San Francisco,15.0,REBALANCE! Add bikes,9.0,5.0
Townsend at 7th,3,7.23076923077,-1.1438127090301,1.7192307692307685,San Francisco,15.0,REBALANCE! Add bikes,9.0,6.0
Townsend at 7th,4,4.76923076923,-1.2358974358974359,1.5807692307692305,San Francisco,15.0,REBALANCE! Add bikes,7.0,4.0
Townsend at 7th,5,0.185185185185,-0.97828863346104722,0.78148148148148144,San Francisco,15.0,DO NOT REBALANCE!,2.0,1.0
Townsend at 7th,6,0.333333333333,-0.7407407407407407,0.70512820512820529,San Francisco,15.0,DO NOT REBALANCE!,2.0,1.0
University and Emerson,0,0.884615384615,-0.3582995951417004,0.32591093117408909,Palo Alto,11.0,REBALANCE! Add bikes,2.0,1.0
University and Emerson,1,0.36,-0.32153846153846155,0.33999999999999997,Palo Alto,11.0,REBALANCE! Add bikes,1.0,1.0
University and Emerson,2,0.384615384615,-0.24175824175824179,0.44871794871794873,Palo Alto,11.0,DO NOT REBALANCE!,1.0,1.0
University and Emerson,3,0.44,-0.44,0.3327272727272727,Palo Alto,11.0,REBALANCE! Add bikes,1.0,1.0
University and Emerson,4,0.565217391304,-0.47430830039525684,0.54589371980676338,Palo Alto,11.0,REBALANCE! Add bikes,2.0,1.0
University and Emerson,5,0.260869565217,-0.30632411067193677,0.35817805383022777,Palo Alto,11.0,DO NOT REBALANCE!,1.0,1.0
University and Emerson,6,-0.185185185185,-0.33205619412515969,0.42202729044834308,Palo Alto,11.0,DO NOT REBALANCE!,1.0,1.0
Washington at Kearny,0,2.53846153846,-1.4527472527472527,1.3543956043956045,,,REBALANCE! Add bikes,4.0,2.0
Washington at Kearny,1,2.96153846154,-1.3251748251748252,0.95150501672240795,,,REBALANCE! Add bikes,5.0,3.0
Washington at Kearny,2,1.92307692308,-0.92307692307692313,1.1114058355437664,,,REBALANCE! Add bikes,3.0,1.0
Washington at Kearny,3,3.61538461538,-0.8931623931623931,1.1672240802675584,,,REBALANCE! Add bikes,5.0,3.0
Washington at Kearny,4,2.0,-1.0344827586206895,0.90322580645161299,,,REBALANCE! Add bikes,4.0,2.0
Washington at Kearny,5,-0.0740740740741,-0.98653198653198648,1.1917211328976034,,,DO NOT REBALANCE!,1.0,2.0
Washington at Kearny,6,0.518518518519,-1.1392081736909323,2.0,,,DO NOT REBALANCE!,2.0,2.0
Yerba Buena Center of the Arts (3rd @ Howard),0,1.11538461538,-0.70797720797720798,0.77747252747252737,San Francisco,19.0,REBALANCE! Add bikes,2.0,1.0
Yerba Buena Center of the Arts (3rd @ Howard),1,-0.769230769231,-2.2997347480106103,1.9775641025641026,San Francisco,19.0,DO NOT REBALANCE!,2.0,3.0
Yerba Buena Center of the Arts (3rd @ Howard),2,2.07692307692,-1.9615384615384617,1.5,San Francisco,19.0,REBALANCE! Add bikes,5.0,1.0
Yerba Buena Center of the Arts (3rd @ Howard),3,0.0,-1.3888888888888888,1.3200000000000001,San Francisco,19.0,DO NOT REBALANCE!,2.0,2.0
Yerba Buena Center of the Arts (3rd @ Howard),4,2.65384615385,-1.4395604395604396,1.5769230769230771,San Francisco,19.0,REBALANCE! Add bikes,5.0,2.0
Yerba Buena Center of the Arts (3rd @ Howard),5,-0.62962962963,-0.92592592592592593,1.1296296296296298,San Francisco,19.0,DO NOT REBALANCE!,1.0,2.0
Yerba Buena Center of the Arts (3rd @ Howard),6,0.666666666667,-1.0459770114942528,1.0980392156862746,San Francisco,19.0,DO NOT REBALANCE!,2.0,1.0
